Ferrell LLC,Papua New Guinea,1990,Plastics,3498
"Mckinney, Riley and Day",Finland,2015,Glass / Ceramics / Concrete,4952
Hester Ltd,China,1971,Public Safety,5287
Holder-Sellers,Turkmenistan,2004,Automotive,921
Mayer Group,Mauritius,1991,Transportation,7870
Henry-Thompson,Bahamas,1992,Primary / Secondary Education,4914
Hansen-Everett,Pakistan,2018,Publishing Industry,7832
Mcintosh-Mora,Heard Island and McDonald Islands,1970,Import / Export,4389
Carr Inc,Kuwait,1996,Plastics,8167
Gaines Inc,Uzbekistan,1997,Outsourcing / Offshoring,9698
Kidd Group,Bouvet Island (Bouvetoya),2001,Primary / Secondary Education,7473
Crane-Clarke,Denmark,2014,Food / Beverages,9011
"Keller, Campos and Black",Liberia,2020,Museums / Institutions,2862
Glover-Pope,United Arab Emirates,2013,Medical Practice,9079
Pacheco-Spears,Sweden,1984,Maritime,769
Hodge-Ayers,Honduras,1990,Facilities Services,8508
"Bowers, Guerra and Krause",Uganda,1972,Primary / Secondary Education,6986
Mckenzie-Melton,Hong Kong,1998,Investment Management / Hedge Fund / Private Equity,4589
Branch-Mann,Botswana,1999,Architecture / Planning,7961
Weiss and Sons,Korea,2011,Plastics,5984
"Velez, Payne and Coffey",Luxembourg,1986,Wholesale,5010
Harrell LLC,Guadeloupe,2018,Construction,2185
"Eaton, Reynolds and Vargas",Monaco,2014,Luxury Goods / Jewelry,8987
Robbins-Cummings,Belgium,1991,Pharmaceuticals,5038
Jenkins Inc,South Africa,2002,Insurance,1215
"Greene, Benjamin and Novak",Romania,2012,Museums / Institutions,4941
"Dickson, Richmond and Clay",Czech Republic,1980,Real Estate / Mortgage,3122
Prince-David,Christmas Island,1970,Banking / Mortgage,1046
Ayala LLC,Philippines,2021,Legal Services,7664
Rivas Group,Australia,1998,Logistics / Procurement,4155
"Sloan, Mays and Whitehead",Chad,1997,Civil Engineering,365
"Durham, Allen and Barnes",Zimbabwe,1993,Mechanical or Industrial Engineering,6135
Fritz-Franklin,Nepal,1972,Hospitality,4516
Burch-Ewing,Taiwan,1981,Venture Capital / VC,7443
"Glass, Barrera and Turner",Kyrgyz Republic,2020,Utilities,2610
Pineda-Cox,Bolivia,2010,Human Resources / HR,1312
"Baker, Mccann and Macdonald",Kenya,2013,Legislative Office,1638
Cuevas-Moss,Guatemala,1994,Music,9995
Hahn PLC,Belarus,2012,Electrical / Electronic Manufacturing,3715
"Valentine, Ferguson and Kramer",Jersey,1997,Non - Profit / Volunteering,3585
Arroyo Inc,Grenada,2006,Writing / Editing,9067
Walls LLC,Cape Verde,1989,Investment Management / Hedge Fund / Private Equity,1678
"Mitchell, Warren and Schneider",Trinidad and Tobago,2021,Capital Markets / Hedge Fund / Private Equity,3816
Prince PLC,Sweden,2016,Individual / Family Services,7645
Brock-Blackwell,Benin,1986,Online Publishing,7034
Walton-Barnett,Western Sahara,2001,Luxury Goods / Jewelry,1746
Bartlett-Arroyo,Northern Mariana Islands,1976,Civic / Social Organization,3987
"Wallace, Madden and Morris",Germany,2016,Pharmaceuticals,9443
Berg-Sparks,Canada,1974,Arts / Crafts,2073
Gonzales Ltd,Tonga,1988,Consumer Goods,9069
Lawson and Sons,French Southern Territories,2021,Arts / Crafts,3527
"Mcguire, Mcconnell and Olsen",Korea,1988,Printing,8445
Charles-Phillips,Cote d'Ivoire,2012,Mental Health Care,3450
Odom Ltd,Cote d'Ivoire,2012,Management Consulting,1825
Richard PLC,Mayotte,1971,Broadcast Media,4942
Sampson Ltd,Cayman Islands,2005,Farming,1418
"Cherry, Le and Callahan",Nigeria,2017,Entertainment / Movie Production,7202
Cherry PLC,Marshall Islands,1980,Plastics,8245
Melton-Nichols,Palau,2021,Legislative Office,8741
Potter-Walsh,Turkey,2008,Human Resources / HR,6923
Freeman-Chen,Timor-Leste,1973,International Trade / Development,346
Soto Group,Vietnam,1988,Business Supplies / Equipment,9097
"Poole, Cruz and Whitney",Reunion,1978,Marketing / Advertising / Sales,2992
Riley Ltd,Brazil,1986,Textiles,9315
"Erickson, Andrews and Bailey",Eritrea,2014,Consumer Electronics,7829
"Wilkinson, Charles and Arroyo",United States Virgin Islands,1996,Building Materials,602
Floyd Ltd,Falkland Islands (Malvinas),2017,Public Relations / PR,2911
Newman-Galloway,Luxembourg,1987,Information Technology / IT,3934
Frazier-Butler,Northern Mariana Islands,1972,Outsourcing / Offshoring,5130
Newton Inc,Netherlands Antilles,1976,Military Industry,563
Duffy-Levy,Guernsey,1982,Wireless,6146
Wagner LLC,Uruguay,1987,International Affairs,6874
Mccall-Holmes,Benin,2009,Legal Services,696
Massey LLC,Suriname,1986,Accounting,5004
Hicks LLC,Pakistan,1970,Computer Software / Engineering,8480
"Cole, Russell and Avery",Mongolia,2000,Law Enforcement,7012
Cummings-Rojas,Svalbard & Jan Mayen Islands,2012,Financial Services,7529
"Beasley, Greene and Mahoney",Togo,1976,Religious Institutions,869
"Beasley, Sims and Allison",Latvia,1972,Facilities Services,6182
Crawford-Rivera,Cuba,1999,Online Publishing,7805
Montes-Hensley,Liechtenstein,2009,Printing,8433
Velazquez-Odom,Djibouti,2002,Alternative Dispute Resolution,4044
Eaton-Morales,Micronesia,1990,Capital Markets / Hedge Fund / Private Equity,7013
"Roberson, Pennington and Palmer",Cameroon,1993,Telecommunications,5571
"George, Russo and Guerra",Sweden,1989,Military Industry,2880
Davila Inc,Cocos (Keeling) Islands,2017,Consumer Electronics,2215
Mays-Preston,Mali,2006,Military Industry,5786
Pineda-Morton,United States Virgin Islands,1991,Printing,6168
Huang and Sons,Eritrea,1981,Semiconductors,7484
Gilbert-Simon,Burundi,1973,Newspapers / Journalism,1927
Sampson-Griffith,Benin,1972,Textiles,3881
Miles-Dominguez,Gibraltar,1996,Civic / Social Organization,897
Rowe and Sons,El Salvador,1978,Facilities Services,8172
"Valenzuela, Holmes and Rowland",Taiwan,1999,Transportation,1483
"Best, Wade and Shepard",Zimbabwe,1991,Gambling / Casinos,4873
Holmes Group,Ethiopia,1975,Photography,2988
Good Ltd,Anguilla,1971,Consumer Services,4292
Clements-Espinoza,Falkland Islands (Malvinas),1991,Broadcast Media,236
Mendez Inc,Kyrgyz Republic,1993,Education Management,339
Watkins-Kaiser,Togo,2009,Financial Services,2785
